ITEM;ORD
A;A
A.1;A.1
A.1.1;A.1.1
A.1.2;A.1.2
A.1.4;A.1.4
A.2;A.2
A.2.1;A.2.1
A.2.2;A.2.2
A.2.3;A.2.3
A.3;A.3
A.3.1;A.3.01
A.3.1.1;A.3.01.1
A.3.1.2;A.3.01.2
A.3.1.3;A.3.01.3
A.3.1.4;A.3.01.4
A.3.2;A.3.02
A.3.3;A.3.03
A.3.3.1;A.3.03.1
A.3.3.2;A.3.03.2
A.3.4;A.3.04
A.3.5;A.3.05
A.3.5.1;A.3.05.1
A.3.5.2;A.3.05.2
A.3.6;A.3.06
A.3.6.1;A.3.06.1
A.3.6.2;A.3.06.2
A.3.6.3;A.3.06.3
A.3.6.4;A.3.06.4
A.3.7;A.3.07
A.3.7.1;A.3.07.1
A.3.7.2;A.3.07.2
A.3.7.3;A.3.07.3
A.3.7.5;A.3.07.5
A.3.8;A.3.08
A.3.8.1;A.3.08.1
A.3.9;A.3.09
A.3.9.1;A.3.09.1
A.3.9.2;A.3.09.2
A.3.9.3;A.3.09.3
A.3.9.4;A.3.09.4
A.3.9.5;A.3.09.5
A.3.10;A.3.10
A.3.10.1;A.3.10.1
A.3.11;A.3.11
A.3.11.1;A.3.11.1
B;B
B.1;B.1
B.1.1;B.1.1
B.1.2;B.1.2
B.1.3;B.1.3
B.1.4;B.1.4
B.1.6;B.1.6
B.1.7;B.1.7
B.3;B.3
B.3.1;B.3.1
B.3.1.1;B.3.1.1
B.3.1.2;B.3.1.2
B.3.1.3;B.3.1.3
B.4;B.4
B.4.1;B.4.1
B.4.1.1;B.4.1.1
B.4.1.2;B.4.1.2
B.4.1.3;B.4.1.3
B.5;B.5
B.5.1;B.5.1
B.5.1.1;B.5.1.1
B.5.1.2;B.5.1.2
B.5.1.3;B.5.1.3
B.6;B.6
B.6.1;B.6.1
B.6.3.2;B.6.3.2
B.7;B.7
B.7.1;B.7.1
B.EX;B.EX
B.EX.1;B.EX.1
B.EX.2;B.EX.2
C;C
C.1;C.01
C.1.1;C.01.1
C.1.1.1;C.01.1.1
C.1.2;C.01.2
C.1.2.1;C.01.2.1
C.1.2.2;C.01.2.2
C.1.3;C.01.3
C.1.3.3;C.01.3.3
C.3;C.03
C.3.1;C.03.1
C.4;C.04
C.4.1;C.04.1
C.5;C.05
C.5.1;C.05.1
C.7;C.07
C.7.1;C.07.1
C.9;C.09
C.9.1;C.09.1
C.9.1.1;C.09.1.1
C.9.2;C.09.2
C.9.2.1;C.09.2.1
C.9.3;C.09.3
C.9.3.2;C.09.3.2
C.9.3.3;C.09.3.3
C.9.4;C.09.4
C.9.4.1;C.09.4.1
C.9.4.2;C.09.4.2
C.9.4.3;C.09.4.3
C.9.5;C.09.5
C.9.5.1;C.09.5.1
C.9.6;C.09.6
C.9.7;C.09.7
C.9.7.2;C.09.7.2
C.10;C.10
C.10.2;C.10.2
C.11;C.11
C.11.1;C.11.1
C.11.2;C.11.2
C.11.5;C.11.5
C.11.6;C.11.6
C.11.7;C.11.7
C.12;C.12
C.12.1;C.12.1
C.12.1.2;C.12.1.2
C.12.2;C.12.2
C.12.2.1;C.12.2.1
C.EX;C.EX
C.EX.1;C.EX.01
C.EX.2;C.EX.02
C.EX.3;C.EX.03
C.EX.4;C.EX.04
C.EX.5;C.EX.05
C.EX.6;C.EX.06
C.EX.7;C.EX.07
C.EX.8;C.EX.08
C.EX.9;C.EX.09
C.EX.10;C.EX.10
C.EX.11;C.EX.11
C.EX.12;C.EX.12
C.EX.13;C.EX.13
C.EX.14;C.EX.14
C.EX.15;C.EX.15
C.EX.16;C.EX.16
C.EX.17;C.EX.17
D;D
D.1;D.1
D.1.1;D.1.01
D.1.2;D.1.02
D.1.3;D.1.03
D.1.4;D.1.04
D.1.5;D.1.05
D.1.6;D.1.06
D.1.7;D.1.07
D.1.8;D.1.08
D.1.9;D.1.09
D.1.10;D.1.10
D.2;D.2
D.2.1;D.2.1
D.2.2;D.2.2
D.2.3;D.2.3
D.2.4;D.2.4
D.2.5;D.2.5
D.3;D.3
D.3.1;D.3.1
D.3.2;D.3.2
D.3.4;D.3.4
D.4;D.4
D.4.1;D.4.1
D.4.2;D.4.2
D.4.4;D.4.4
D.4.5;D.4.5
D.4.6;D.4.6
D.5;D.5
D.5.3;D.5.3
D.5.4;D.5.4
D.5.8;D.5.8
D.7;D.7
D.7.1;D.7.1
D.7.2;D.7.2
D.EX;D.EX
D.EX.1;D.EX.01
D.EX.2;D.EX.02
D.EX.3;D.EX.03
D.EX.4;D.EX.04
D.EX.5;D.EX.05
D.EX.6;D.EX.06
D.EX.7;D.EX.07
D.EX.8;D.EX.08
D.EX.9;D.EX.09
D.EX.10;D.EX.10
D.EX.11;D.EX.11
D.EX.12;D.EX.12
D.EX.13;D.EX.13
D.EX.14;D.EX.14
E;E
E.1;E.1
E.1.1;E.1.01
E.1.3;E.1.03
E.1.4;E.1.04
E.1.7;E.1.07
E.1.9;E.1.09
E.1.10;E.1.10
E.2;E.2
E.2.1;E.2.1
E.2.1.4;E.2.1.4
E.2.3;E.2.3
E.2.3.1;E.2.3.1
E.2.3.2;E.2.3.2
E.3;E.3
E.3.1;E.3.1
E.3.2;E.3.2
E.4;E.4
E.4.1;E.4.1
E.4.1.1;E.4.1.1
E.4.1.3;E.4.1.3
E.4.1.4;E.4.1.4
E.4.1.6;E.4.1.6
E.4.1.7;E.4.1.7
E.4.3;E.4.3
E.5;E.5
E.5.1;E.5.1
E.5.2;E.5.2
E.5.3;E.5.3
E.6;E.6
E.6.1;E.6.1
E.EX;E.EX
E.EX.1;E.EX.1
E.EX.2;E.EX.2
F;F
F.1;F.1
F.1.1;F.1.1
F.1.4;F.1.4
F.4;F.4
F.4.1;F.4.1
F.4.1.2;F.4.1.2
F.4.1.3;F.4.1.3
G;G
G.B;G.B
G.B.1;G.B.1
G.B.1.1;G.B.1.1
G.B.1.2;G.B.1.2
G.B.1.3;G.B.1.3
G.B.1.4;G.B.1.4
G.B.1.6;G.B.1.6
G.B.1.7;G.B.1.7
G.B.3.5;G.B.3.5
G.B.3.5.1;G.B.3.5.1
G.B.3.5.2;G.B.3.5.2
G.B.6;G.B.6
G.B.6.1;G.B.6.1
G.B.6.1.2;G.B.6.1.2
G.B.6.2;G.B.6.2
G.B.6.2.1;G.B.6.2.1
G.B.6.3;G.B.6.3
G.B.6.3.1;G.B.6.3.1
G.B.6.3.2;G.B.6.3.2
G.B.EX;G.B.EX
G.B.EX.1;G.B.EX.1
G.C;G.C
G.C.1;G.C.01
G.C.1.1;G.C.01.1
G.C.1.1.5;G.C.01.1.5
G.C.1.2;G.C.01.2
G.C.1.2.2;G.C.01.2.2
G.C.1.3;G.C.01.3
G.C.1.3.3;G.C.01.3.3
G.C.3.3;G.C.03.3
G.C.3.3.1;G.C.03.3.1
G.C.4;G.C.04
G.C.4.1;G.C.04.1
G.C.5;G.C.05
G.C.5.1;G.C.05.1
G.C.9;G.C.09
G.C.9.1;G.C.09.1
G.C.9.1.1;G.C.09.1.1
G.C.9.2;G.C.09.2
G.C.9.2.1;G.C.09.2.1
G.C.9.2.4;G.C.09.2.4
G.C.9.3;G.C.09.3
G.C.9.3.3;G.C.09.3.3
G.C.9.4;G.C.09.4
G.C.9.4.2;G.C.09.4.2
G.C.9.4.3;G.C.09.4.3
G.C.9.5;G.C.09.5
G.C.9.5.1;G.C.09.5.1
G.C.10;G.C.10
G.C.10.1;G.C.10.1
G.C.10.2;G.C.10.2
G.C.11;G.C.11
G.C.11.2;G.C.11.2
G.C.12;G.C.12
G.C.12.1;G.C.12.1
G.C.12.1.3;G.C.12.1.3
G.C.EX;G.C.EX
G.C.EX.1;G.C.EX.1
G.C.EX.2;G.C.EX.2
G.D;G.D
G.D.1;G.D.1
G.D.1.1;G.D.1.1
G.D.1.2;G.D.1.2
G.D.1.3;G.D.1.3
G.D.1.7;G.D.1.7
G.D.1.9;G.D.1.9
G.D.2;G.D.2
G.D.2.1;G.D.2.1
G.D.2.2;G.D.2.2
G.D.3;G.D.3
G.D.3.2;G.D.3.2
G.D.4;G.D.4
G.D.4.1;G.D.4.1
G.D.4.2;G.D.4.2
G.D.4.5;G.D.4.5
G.D.5;G.D.5
G.D.5.2;G.D.5.2
G.D.EX;G.D.EX
G.D.EX.1;G.D.EX.1
H;H
H.1;H.1
H.1.1;H.1.1
H.1.3;H.1.3
H.1.5;H.1.5
H.1.6;H.1.6
H.1.6.1;H.1.6.1
H.1.7;H.1.7
H.1.7.1;H.1.7.1
H.1.7.4;H.1.7.4
H.2;H.2
H.2.1;H.2.1
H.2.2;H.2.2
H.2.3;H.2.3
H.2.4;H.2.4
H.3;H.3
H.3.1;H.3.1
H.3.2;H.3.2
H.4;H.4
H.4.1;H.4.1
H.4.2;H.4.2
H.4.3;H.4.3
H.4.4;H.4.4
H.5;H.5
H.5.2;H.5.2
H.EX;H.EX
H.EX.1;H.EX.1
H.EX.2;H.EX.2
I;I
I.1;I.1
I.2;I.2
Z;Z
